{
    "code": "SUCCESS",
    "data": {
      "id": "testspace-7B9BQsiLb0wB9oIokmBmh8",
      "assetType": "ENTRY",
      "title": "William Shakespeare",
      "folderId": null,
      "updatedAt": "2020-01-30T09:50:55.737Z",
      "contentfulStatus": "PUBLISHED",
      "contentType": "Author",
      "assetStatus": "In Progress",
      "translationSubmissions": [
        {
          "submitted": "2020-01-29T14:05:50Z",
          "targetLocaleExternalId": "de-DE",
          "lockedFields": [],
          "wordCount": 0,
          "progress": 100,
          "assetType": "ENTRY",
          "title": "William Shakespeareh",
          "submissionId": 765757,
          "lastError": null,
          "status": "COMPLETED",
          "outdated": false,
          "applied": "2020-01-29T14:11:01Z",
          "translationRequestId": 303832,
          "fileUri": "William Shakespeareh-ENTRY-testspace-7B9BQsiLb0wB9oIokmBmh8.json"
        },
        {
          "submitted": "2020-01-29T14:05:50Z",
          "targetLocaleExternalId": "fr-FR",
          "lockedFields": [],
          "wordCount": 0,
          "progress": 0,
          "assetType": "ENTRY",
          "title": "William Shakespeareh",
          "submissionId": 770638,
          "lastError": null,
          "status": "IN_PROGRESS",
          "outdated": false,
          "applied": "2020-01-29T10:36:43Z",
          "translationRequestId": 303832,
          "fileUri": "William Shakespeareh-ENTRY-testspace-7B9BQsiLb0wB9oIokmBmh8.json"
        }
      ]
    }
  }
