{
  "sys": {
    "type": "Array"
  },
  "total": 4,
  "skip": 0,
  "limit": 100,
  "items": [
    {
      "sys": {
        "space": {
          "sys": {
            "type": "Link",
            "linkType": "Space",
            "id": "bxgvwg0h5uxs"
          }
        },
        "id": "experiment",
        "type": "ContentType",
        "createdAt": "2019-07-25T07:25:41.494Z",
        "updatedAt": "2019-08-01T13:12:24.206Z",
        "environment": {
          "sys": {
            "id": "master",
            "type": "Link",
            "linkType": "Environment"
          }
        },
        "publishedVersion": 33,
        "publishedAt": "2019-08-01T13:12:24.206Z",
        "firstPublishedAt": "2019-07-25T07:25:42.169Z",
        "createdBy": {
          "sys": {
            "type": "Link",
            "linkType": "User",
            "id": "29B6zorz8plUCN1auThiVH"
          }
        },
        "updatedBy": {
          "sys": {
            "type": "Link",
            "linkType": "User",
            "id": "2jvc3kU4n7OIABiFMTaGyB"
          }
        },
        "publishedCounter": 17,
        "version": 34,
        "publishedBy": {
          "sys": {
            "type": "Link",
            "linkType": "User",
            "id": "2jvc3kU4n7OIABiFMTaGyB"
          }
        }
      },
      "displayField": "title",
      "name": "Experiment",
      "description": "",
      "fields": [
        {
          "id": "title",
          "name": "Title",
          "type": "Symbol",
          "localized": false,
          "required": false,
          "validations": [],
          "disabled": false,
          "omitted": false
        },
        {
          "id": "authors",
          "name": "Authors",
          "type": "Link",
          "localized": false,
          "required": false,
          "validations": [
            {
              "linkContentType": ["experiment", "variationContainer"]
            }
          ],
          "disabled": false,
          "omitted": false,
          "linkType": "Entry"
        },
        {
          "id": "validated",
          "name": "Validated",
          "type": "Link",
          "localized": false,
          "required": false,
          "validations": [
            {
              "linkContentType": ["author"]
            }
          ],
          "disabled": false,
          "omitted": false,
          "linkType": "Entry"
        }
      ]
    },
    {
      "sys": {
        "space": {
          "sys": {
            "type": "Link",
            "linkType": "Space",
            "id": "bxgvwg0h5uxs"
          }
        },
        "id": "someOtherThing",
        "type": "ContentType",
        "createdAt": "2019-07-25T09:24:04.904Z",
        "updatedAt": "2019-07-31T13:32:03.182Z",
        "environment": {
          "sys": {
            "id": "master",
            "type": "Link",
            "linkType": "Environment"
          }
        },
        "publishedVersion": 111,
        "publishedAt": "2019-07-31T13:32:03.182Z",
        "firstPublishedAt": "2019-07-25T09:24:05.476Z",
        "createdBy": {
          "sys": {
            "type": "Link",
            "linkType": "User",
            "id": "29B6zorz8plUCN1auThiVH"
          }
        },
        "updatedBy": {
          "sys": {
            "type": "Link",
            "linkType": "User",
            "id": "2jvc3kU4n7OIABiFMTaGyB"
          }
        },
        "publishedCounter": 50,
        "version": 112,
        "publishedBy": {
          "sys": {
            "type": "Link",
            "linkType": "User",
            "id": "2jvc3kU4n7OIABiFMTaGyB"
          }
        }
      },
      "displayField": null,
      "name": "SomeOtherThing",
      "description": "",
      "fields": [
        {
          "id": "ref1",
          "name": "REF1",
          "type": "Link",
          "localized": false,
          "required": false,
          "validations": [
            {
              "linkContentType": ["experiment"]
            }
          ],
          "disabled": false,
          "omitted": false,
          "linkType": "Entry"
        },
        {
          "id": "ref2",
          "name": "REF2",
          "type": "Array",
          "localized": false,
          "required": false,
          "validations": [],
          "disabled": false,
          "omitted": false,
          "items": {
            "type": "Link",
            "validations": [
              {
                "linkContentType": ["author", "experiment"]
              }
            ],
            "linkType": "Entry"
          }
        }
      ]
    },
    {
      "sys": {
        "space": {
          "sys": {
            "type": "Link",
            "linkType": "Space",
            "id": "bxgvwg0h5uxs"
          }
        },
        "id": "variationContainer",
        "type": "ContentType",
        "createdAt": "2019-07-31T07:56:43.584Z",
        "updatedAt": "2019-07-31T07:56:44.449Z",
        "environment": {
          "sys": {
            "id": "master",
            "type": "Link",
            "linkType": "Environment"
          }
        },
        "publishedVersion": 2,
        "publishedAt": "2019-07-31T07:56:44.449Z",
        "firstPublishedAt": "2019-07-31T07:56:44.449Z",
        "createdBy": {
          "sys": {
            "type": "Link",
            "linkType": "User",
            "id": "2jvc3kU4n7OIABiFMTaGyB"
          }
        },
        "updatedBy": {
          "sys": {
            "type": "Link",
            "linkType": "User",
            "id": "2jvc3kU4n7OIABiFMTaGyB"
          }
        },
        "publishedCounter": 1,
        "version": 3,
        "publishedBy": {
          "sys": {
            "type": "Link",
            "linkType": "User",
            "id": "2jvc3kU4n7OIABiFMTaGyB"
          }
        }
      },
      "displayField": "experimentTitle",
      "name": "Variation Container",
      "description": null,
      "fields": [
        {
          "id": "experimentTitle",
          "name": "Experiment title",
          "type": "Symbol",
          "localized": false,
          "required": false,
          "validations": [],
          "disabled": false,
          "omitted": false
        },
        {
          "id": "experimentId",
          "name": "Experiment ID",
          "type": "Symbol",
          "localized": false,
          "required": false,
          "validations": [],
          "disabled": false,
          "omitted": false
        },
        {
          "id": "meta",
          "name": "Meta",
          "type": "Object",
          "localized": false,
          "required": false,
          "validations": [],
          "disabled": false,
          "omitted": false
        },
        {
          "id": "variations",
          "name": "Variations",
          "type": "Array",
          "localized": false,
          "required": false,
          "validations": [],
          "disabled": false,
          "omitted": false,
          "items": {
            "type": "Link",
            "validations": [],
            "linkType": "Entry"
          }
        },
        {
          "id": "experimentKey",
          "name": "Experiment Key",
          "type": "Symbol",
          "localized": false,
          "required": false,
          "validations": [],
          "disabled": false,
          "omitted": false
        }
      ]
    },
    {
      "sys": {
        "space": {
          "sys": {
            "type": "Link",
            "linkType": "Space",
            "id": "bxgvwg0h5uxs"
          }
        },
        "id": "author",
        "type": "ContentType",
        "createdAt": "2019-06-03T14:13:27.461Z",
        "updatedAt": "2019-07-31T09:21:20.865Z",
        "environment": {
          "sys": {
            "id": "master",
            "type": "Link",
            "linkType": "Environment"
          }
        },
        "publishedVersion": 135,
        "publishedAt": "2019-07-31T09:21:20.865Z",
        "firstPublishedAt": "2019-06-03T14:13:27.938Z",
        "createdBy": {
          "sys": {
            "type": "Link",
            "linkType": "User",
            "id": "2jvc3kU4n7OIABiFMTaGyB"
          }
        },
        "updatedBy": {
          "sys": {
            "type": "Link",
            "linkType": "User",
            "id": "2jvc3kU4n7OIABiFMTaGyB"
          }
        },
        "publishedCounter": 68,
        "version": 136,
        "publishedBy": {
          "sys": {
            "type": "Link",
            "linkType": "User",
            "id": "2jvc3kU4n7OIABiFMTaGyB"
          }
        }
      },
      "displayField": "name",
      "name": "Author",
      "description": "",
      "fields": [
        {
          "id": "name",
          "name": "Name",
          "type": "Symbol",
          "localized": false,
          "required": false,
          "validations": [],
          "disabled": false,
          "omitted": false
        },
        {
          "id": "age",
          "name": "Age",
          "type": "Integer",
          "localized": false,
          "required": false,
          "validations": [],
          "disabled": false,
          "omitted": false
        },
        {
          "id": "alive",
          "name": "Alive",
          "type": "Boolean",
          "localized": false,
          "required": true,
          "validations": [],
          "disabled": false,
          "omitted": false
        },
        {
          "id": "birthplace",
          "name": "Birthplace",
          "type": "Location",
          "localized": false,
          "required": false,
          "validations": [],
          "disabled": false,
          "omitted": false
        },
        {
          "id": "bio",
          "name": "Bio",
          "type": "Link",
          "localized": false,
          "required": false,
          "validations": [],
          "disabled": false,
          "omitted": false,
          "linkType": "Entry"
        }
      ]
    }
  ]
}
