{
    "results": {
      "confidence_threshold": 0.9,
      "end_time": "2019-08-05T14:55:00.000000Z",
      "experiment_id": 15049730511,
      "metrics": [
        {
          "aggregator": "unique",
          "event_id": 15053980195,
          "name": "CTA Click",
          "results": {
            "15044200440": {
              "is_baseline": true,
              "level": "variation",
              "name": "variation_1",
              "rate": 0,
              "samples": 4,
              "value": 0,
              "variance": 0,
              "variation_id": "15044200440"
            },
            "15057850296": {
              "is_baseline": false,
              "level": "variation",
              "lift": {
                "is_significant": false,
                "lift_status": "equal",
                "significance": 0,
                "value": 0,
                "visitors_remaining": 9223372036854776000
              },
              "name": "variation_2",
              "rate": 0,
              "samples": 3,
              "value": 0,
              "variance": 0,
              "variation_id": "15057850296"
            }
          },
          "scope": "visitor",
          "winning_direction": "increasing"
        }
      ],
      "reach": {
        "baseline_count": 4,
        "baseline_reach": 0.5714285714285714,
        "total_count": 7,
        "treatment_count": 3,
        "treatment_reach": 0.42857142857142855,
        "variations": {
          "15044200440": {
            "count": 4,
            "name": "variation_1",
            "variation_id": "15044200440",
            "variation_reach": 0.5714285714285714
          },
          "15057850296": {
            "count": 3,
            "name": "variation_2",
            "variation_id": "15057850296",
            "variation_reach": 0.42857142857142855
          }
        }
      },
      "start_time": "2019-05-29T20:25:53.000000Z",
      "stats_config": {
        "confidence_level": 0.9,
        "difference_type": "relative",
        "epoch_enabled": false
      }
    },
    "experiments": [
        {
          "allocation_policy": "manual",
          "audience_conditions": "everyone",
          "campaign_id": 15039691085,
          "changes": [],
          "created": "2019-05-29T20:21:28.804947Z",
          "description": "",
          "earliest": "2019-05-29T20:25:53.423147Z",
          "environments": {
            "production": {
              "status": "running",
              "environment_name": "Production",
              "environment_id": 15028260215,
              "percentage_included": null
            }
          },
          "holdback": 0,
          "id": 15049730511,
          "is_classic": false,
          "key": "landing-page-hero",
          "last_modified": "2019-05-30T03:05:55.452016Z",
          "metrics": [
            {
              "aggregator": "unique",
              "event_id": 15053980195,
              "scope": "visitor",
              "winning_direction": "increasing"
            }
          ],
          "name": "landing-page-hero",
          "page_ids": [],
          "project_id": 15024710079,
          "status": "running",
          "type": "a/b",
          "variations": [
            {
              "actions": [],
              "archived": false,
              "key": "variation_1",
              "status": "active",
              "variation_id": 15044200440,
              "weight": 5000
            },
            {
              "actions": [],
              "archived": false,
              "key": "variation_2",
              "status": "active",
              "variation_id": 15057850296,
              "weight": 5000
            }
          ],
          "whitelist": [
            {
              "user_id": "user_1",
              "variation_id": 15044200440
            },
            {
              "user_id": "user_2",
              "variation_id": 15057850296
            }
          ]
        }
      ],
    "entries":{
        "sys": {
          "type": "Array"
        },
        "total": 0,
        "skip": 0,
        "limit": 1000,
        "items": []
      },
  "contentTypes": {
    "sys": {
      "type": "Array"
    },
    "total": 4,
    "skip": 0,
    "limit": 100,
    "items": [
      {
        "sys": {
          "space": {
            "sys": {
              "type": "Link",
              "linkType": "Space",
              "id": "bxgvwg0h5uxs"
            }
          },
          "id": "someOtherThing",
          "type": "ContentType",
          "createdAt": "2019-07-25T09:24:04.904Z",
          "updatedAt": "2019-07-31T13:32:03.182Z",
          "environment": {
            "sys": {
              "id": "master",
              "type": "Link",
              "linkType": "Environment"
            }
          },
          "publishedVersion": 111,
          "publishedAt": "2019-07-31T13:32:03.182Z",
          "firstPublishedAt": "2019-07-25T09:24:05.476Z",
          "createdBy": {
            "sys": {
              "type": "Link",
              "linkType": "User",
              "id": "29B6zorz8plUCN1auThiVH"
            }
          },
          "updatedBy": {
            "sys": {
              "type": "Link",
              "linkType": "User",
              "id": "2jvc3kU4n7OIABiFMTaGyB"
            }
          },
          "publishedCounter": 50,
          "version": 112,
          "publishedBy": {
            "sys": {
              "type": "Link",
              "linkType": "User",
              "id": "2jvc3kU4n7OIABiFMTaGyB"
            }
          }
        },
        "displayField": null,
        "name": "SomeOtherThing",
        "description": "",
        "fields": [
          {
            "id": "ref1",
            "name": "REF1",
            "type": "Link",
            "localized": false,
            "required": false,
            "validations": [
              {
                "linkContentType": ["experiment"]
              }
            ],
            "disabled": false,
            "omitted": false,
            "linkType": "Entry"
          },
          {
            "id": "ref2",
            "name": "REF2",
            "type": "Array",
            "localized": false,
            "required": false,
            "validations": [],
            "disabled": false,
            "omitted": false,
            "items": {
              "type": "Link",
              "validations": [
                {
                  "linkContentType": ["author", "experiment"]
                }
              ],
              "linkType": "Entry"
            }
          }
        ]
      },
      {
        "sys": {
          "space": {
            "sys": {
              "type": "Link",
              "linkType": "Space",
              "id": "bxgvwg0h5uxs"
            }
          },
          "id": "variationContainer",
          "type": "ContentType",
          "createdAt": "2019-07-31T07:56:43.584Z",
          "updatedAt": "2019-07-31T07:56:44.449Z",
          "environment": {
            "sys": {
              "id": "master",
              "type": "Link",
              "linkType": "Environment"
            }
          },
          "publishedVersion": 2,
          "publishedAt": "2019-07-31T07:56:44.449Z",
          "firstPublishedAt": "2019-07-31T07:56:44.449Z",
          "createdBy": {
            "sys": {
              "type": "Link",
              "linkType": "User",
              "id": "2jvc3kU4n7OIABiFMTaGyB"
            }
          },
          "updatedBy": {
            "sys": {
              "type": "Link",
              "linkType": "User",
              "id": "2jvc3kU4n7OIABiFMTaGyB"
            }
          },
          "publishedCounter": 1,
          "version": 3,
          "publishedBy": {
            "sys": {
              "type": "Link",
              "linkType": "User",
              "id": "2jvc3kU4n7OIABiFMTaGyB"
            }
          }
        },
        "displayField": "experimentTitle",
        "name": "Variation Container",
        "description": null,
        "fields": [
          {
            "id": "experimentTitle",
            "name": "Experiment title",
            "type": "Symbol",
            "localized": false,
            "required": false,
            "validations": [],
            "disabled": false,
            "omitted": false
          },
          {
            "id": "experimentId",
            "name": "Experiment ID",
            "type": "Symbol",
            "localized": false,
            "required": false,
            "validations": [],
            "disabled": false,
            "omitted": false
          },
          {
            "id": "meta",
            "name": "Meta",
            "type": "Object",
            "localized": false,
            "required": false,
            "validations": [],
            "disabled": false,
            "omitted": false
          },
          {
            "id": "variations",
            "name": "Variations",
            "type": "Array",
            "localized": false,
            "required": false,
            "validations": [],
            "disabled": false,
            "omitted": false,
            "items": {
              "type": "Link",
              "validations": [],
              "linkType": "Entry"
            }
          },
          {
            "id": "experimentKey",
            "name": "Experiment Key",
            "type": "Symbol",
            "localized": false,
            "required": false,
            "validations": [],
            "disabled": false,
            "omitted": false
          }
        ]
      },
      {
        "sys": {
          "space": {
            "sys": {
              "type": "Link",
              "linkType": "Space",
              "id": "bxgvwg0h5uxs"
            }
          },
          "id": "author",
          "type": "ContentType",
          "createdAt": "2019-06-03T14:13:27.461Z",
          "updatedAt": "2019-07-31T09:21:20.865Z",
          "environment": {
            "sys": {
              "id": "master",
              "type": "Link",
              "linkType": "Environment"
            }
          },
          "publishedVersion": 135,
          "publishedAt": "2019-07-31T09:21:20.865Z",
          "firstPublishedAt": "2019-06-03T14:13:27.938Z",
          "createdBy": {
            "sys": {
              "type": "Link",
              "linkType": "User",
              "id": "2jvc3kU4n7OIABiFMTaGyB"
            }
          },
          "updatedBy": {
            "sys": {
              "type": "Link",
              "linkType": "User",
              "id": "2jvc3kU4n7OIABiFMTaGyB"
            }
          },
          "publishedCounter": 68,
          "version": 136,
          "publishedBy": {
            "sys": {
              "type": "Link",
              "linkType": "User",
              "id": "2jvc3kU4n7OIABiFMTaGyB"
            }
          }
        },
        "displayField": "name",
        "name": "Author",
        "description": "",
        "fields": [
          {
            "id": "name",
            "name": "Name",
            "type": "Symbol",
            "localized": false,
            "required": false,
            "validations": [],
            "disabled": false,
            "omitted": false
          },
          {
            "id": "age",
            "name": "Age",
            "type": "Integer",
            "localized": false,
            "required": false,
            "validations": [],
            "disabled": false,
            "omitted": false
          },
          {
            "id": "alive",
            "name": "Alive",
            "type": "Boolean",
            "localized": false,
            "required": true,
            "validations": [],
            "disabled": false,
            "omitted": false
          },
          {
            "id": "birthplace",
            "name": "Birthplace",
            "type": "Location",
            "localized": false,
            "required": false,
            "validations": [],
            "disabled": false,
            "omitted": false
          },
          {
            "id": "bio",
            "name": "Bio",
            "type": "Link",
            "localized": false,
            "required": false,
            "validations": [],
            "disabled": false,
            "omitted": false,
            "linkType": "Entry"
          }
        ]
      },
      {
        "sys": {
          "space": {
            "sys": {
              "type": "Link",
              "linkType": "Space",
              "id": "bxgvwg0h5uxs"
            }
          },
          "id": "experiment",
          "type": "ContentType",
          "createdAt": "2019-07-25T07:25:41.494Z",
          "updatedAt": "2019-08-05T08:08:53.885Z",
          "environment": {
            "sys": {
              "id": "master",
              "type": "Link",
              "linkType": "Environment"
            }
          },
          "publishedVersion": 37,
          "publishedAt": "2019-08-05T08:08:53.885Z",
          "firstPublishedAt": "2019-07-25T07:25:42.169Z",
          "createdBy": {
            "sys": {
              "type": "Link",
              "linkType": "User",
              "id": "29B6zorz8plUCN1auThiVH"
            }
          },
          "updatedBy": {
            "sys": {
              "type": "Link",
              "linkType": "User",
              "id": "2jvc3kU4n7OIABiFMTaGyB"
            }
          },
          "publishedCounter": 19,
          "version": 38,
          "publishedBy": {
            "sys": {
              "type": "Link",
              "linkType": "User",
              "id": "2jvc3kU4n7OIABiFMTaGyB"
            }
          }
        },
        "displayField": "title",
        "name": "Experiment",
        "description": "",
        "fields": [
          {
            "id": "title",
            "name": "Title",
            "type": "Symbol",
            "localized": false,
            "required": false,
            "validations": [],
            "disabled": false,
            "omitted": false
          },
          {
            "id": "authors",
            "name": "Authors",
            "type": "Link",
            "localized": false,
            "required": false,
            "validations": [
              {
                "linkContentType": ["experiment", "variationContainer"]
              }
            ],
            "disabled": false,
            "omitted": false,
            "linkType": "Entry"
          },
          {
            "id": "validated",
            "name": "Validated",
            "type": "Link",
            "localized": false,
            "required": false,
            "validations": [
              {
                "linkContentType": ["author"]
              }
            ],
            "disabled": false,
            "omitted": false,
            "linkType": "Entry"
          }
        ]
      }
    ]
  }
}
