[
  {
    "id": "6bwo3iKRBkAsC7wMgrvi1h",
    "name": "Cycle Image",
    "url": "https://cdn.pixabay.com/photo/2017/09/17/02/02/png-2757379_1280.png"
  },
  {
    "id": "693934iKRBkAsC7wMgrvi1h",
    "name": "Fruit",
    "url": "https://cdn.pixabay.com/photo/2016/02/23/17/29/banana-1218133_1280.png"
  },
  {
    "id": "693934iKRB245345Mgrvi1h",
    "name": "Clock",
    "url": "https://cdn.pixabay.com/photo/2016/12/08/11/50/time-1891569_1280.png"
  },
  {
    "id": "693934i345345AsC7wMgrvi1h",
    "name": "4th Image",
    "url": "https://cdn.pixabay.com/photo/2016/12/06/01/26/colour-1885352_1280.jpg"
  }
]
