{
    "sys": {
      "type": "Array"
    },
    "total": 11,
    "skip": 0,
    "limit": 100,
    "items": [
      {
        "sys": {
          "space": {
            "sys": {
              "type": "Link",
              "linkType": "Space",
              "id": "testspace"
            }
          },
          "id": "page",
          "type": "ContentType",
          "createdAt": "2019-09-03T14:42:51.156Z",
          "updatedAt": "2019-09-10T21:30:55.546Z",
          "environment": {
            "sys": {
              "id": "master",
              "type": "Link",
              "linkType": "Environment"
            }
          },
          "publishedVersion": 15,
          "publishedAt": "2019-09-10T21:30:55.546Z",
          "firstPublishedAt": "2019-09-03T14:42:51.788Z",
          "createdBy": {
            "sys": {
              "type": "Link",
              "linkType": "User",
              "id": "testuser"
            }
          },
          "updatedBy": {
            "sys": {
              "type": "Link",
              "linkType": "User",
              "id": "testuser"
            }
          },
          "publishedCounter": 8,
          "version": 16,
          "publishedBy": {
            "sys": {
              "type": "Link",
              "linkType": "User",
              "id": "testuser"
            }
          }
        },
        "displayField": "title",
        "name": "Page",
        "description": "",
        "fields": [
          {
            "id": "title",
            "name": "Title",
            "type": "Symbol",
            "localized": false,
            "required": false,
            "validations": [],
            "disabled": false,
            "omitted": false
          },
          {
            "id": "slug",
            "name": "Slug",
            "type": "Symbol",
            "localized": false,
            "required": false,
            "validations": [],
            "disabled": false,
            "omitted": false
          },
          {
            "id": "blocks",
            "name": "Component",
            "type": "Array",
            "localized": false,
            "required": false,
            "validations": [],
            "disabled": false,
            "omitted": false,
            "items": {
              "type": "Link",
              "validations": [
                {
                  "linkContentType": [
                    "cta",
                    "heroImage",
                    "imageCarousel",
                    "text",
                    "variationContainer"
                  ]
                }
              ],
              "linkType": "Entry"
            }
          }
        ]
      },
      {
        "sys": {
          "space": {
            "sys": {
              "type": "Link",
              "linkType": "Space",
              "id": "testspace"
            }
          },
          "id": "imageCarousel",
          "type": "ContentType",
          "createdAt": "2019-09-03T15:01:00.035Z",
          "updatedAt": "2019-09-03T15:01:00.509Z",
          "environment": {
            "sys": {
              "id": "master",
              "type": "Link",
              "linkType": "Environment"
            }
          },
          "publishedVersion": 1,
          "publishedAt": "2019-09-03T15:01:00.509Z",
          "firstPublishedAt": "2019-09-03T15:01:00.509Z",
          "createdBy": {
            "sys": {
              "type": "Link",
              "linkType": "User",
              "id": "testuser"
            }
          },
          "updatedBy": {
            "sys": {
              "type": "Link",
              "linkType": "User",
              "id": "testuser"
            }
          },
          "publishedCounter": 1,
          "version": 2,
          "publishedBy": {
            "sys": {
              "type": "Link",
              "linkType": "User",
              "id": "testuser"
            }
          }
        },
        "displayField": null,
        "name": "Image Carousel",
        "description": "",
        "fields": [
          {
            "id": "images",
            "name": "Images",
            "type": "Array",
            "localized": false,
            "required": false,
            "validations": [],
            "disabled": false,
            "omitted": false,
            "items": {
              "type": "Link",
              "validations": [],
              "linkType": "Asset"
            }
          }
        ]
      },
      {
        "sys": {
          "space": {
            "sys": {
              "type": "Link",
              "linkType": "Space",
              "id": "testspace"
            }
          },
          "id": "article",
          "type": "ContentType",
          "createdAt": "2019-09-13T17:11:02.152Z",
          "updatedAt": "2019-09-13T17:11:02.451Z",
          "environment": {
            "sys": {
              "id": "master",
              "type": "Link",
              "linkType": "Environment"
            }
          },
          "publishedVersion": 1,
          "publishedAt": "2019-09-13T17:11:02.451Z",
          "firstPublishedAt": "2019-09-13T17:11:02.451Z",
          "createdBy": {
            "sys": {
              "type": "Link",
              "linkType": "User",
              "id": "testuser"
            }
          },
          "updatedBy": {
            "sys": {
              "type": "Link",
              "linkType": "User",
              "id": "testuser"
            }
          },
          "publishedCounter": 1,
          "version": 2,
          "publishedBy": {
            "sys": {
              "type": "Link",
              "linkType": "User",
              "id": "testuser"
            }
          }
        },
        "displayField": "size",
        "name": "Article",
        "description": "",
        "fields": [
          {
            "id": "size",
            "name": "Size",
            "type": "Symbol",
            "localized": false,
            "required": false,
            "validations": [],
            "disabled": false,
            "omitted": false
          },
          {
            "id": "color",
            "name": "Color",
            "type": "Symbol",
            "localized": false,
            "required": false,
            "validations": [],
            "disabled": false,
            "omitted": false
          }
        ]
      },
      {
        "sys": {
          "space": {
            "sys": {
              "type": "Link",
              "linkType": "Space",
              "id": "testspace"
            }
          },
          "id": "imageWithMoreFocalPoints",
          "type": "ContentType",
          "createdAt": "2019-11-26T09:30:04.189Z",
          "updatedAt": "2019-11-26T09:30:04.827Z",
          "environment": {
            "sys": {
              "id": "master",
              "type": "Link",
              "linkType": "Environment"
            }
          },
          "publishedVersion": 2,
          "publishedAt": "2019-11-26T09:30:04.827Z",
          "firstPublishedAt": "2019-11-26T09:30:04.827Z",
          "createdBy": {
            "sys": {
              "type": "Link",
              "linkType": "User",
              "id": "testuser"
            }
          },
          "updatedBy": {
            "sys": {
              "type": "Link",
              "linkType": "User",
              "id": "testuser"
            }
          },
          "publishedCounter": 1,
          "version": 3,
          "publishedBy": {
            "sys": {
              "type": "Link",
              "linkType": "User",
              "id": "testuser"
            }
          }
        },
        "displayField": "title",
        "name": "Image with Focal Points",
        "description": null,
        "fields": [
          {
            "id": "title",
            "name": "Title",
            "type": "Symbol",
            "localized": false,
            "required": true,
            "validations": [],
            "disabled": false,
            "omitted": false
          },
          {
            "id": "image",
            "name": "Image",
            "type": "Link",
            "localized": false,
            "required": true,
            "validations": [],
            "disabled": false,
            "omitted": false,
            "linkType": "Asset"
          },
          {
            "id": "focalPoint",
            "name": "Focal point",
            "type": "Object",
            "localized": false,
            "required": true,
            "validations": [],
            "disabled": false,
            "omitted": false
          }
        ]
      },
      {
        "sys": {
          "space": {
            "sys": {
              "type": "Link",
              "linkType": "Space",
              "id": "testspace"
            }
          },
          "id": "variationContainer",
          "type": "ContentType",
          "createdAt": "2019-09-04T07:42:04.184Z",
          "updatedAt": "2019-09-04T07:42:04.829Z",
          "environment": {
            "sys": {
              "id": "master",
              "type": "Link",
              "linkType": "Environment"
            }
          },
          "publishedVersion": 2,
          "publishedAt": "2019-09-04T07:42:04.829Z",
          "firstPublishedAt": "2019-09-04T07:42:04.829Z",
          "createdBy": {
            "sys": {
              "type": "Link",
              "linkType": "User",
              "id": "testuser"
            }
          },
          "updatedBy": {
            "sys": {
              "type": "Link",
              "linkType": "User",
              "id": "testuser"
            }
          },
          "publishedCounter": 1,
          "version": 3,
          "publishedBy": {
            "sys": {
              "type": "Link",
              "linkType": "User",
              "id": "testuser"
            }
          }
        },
        "displayField": "experimentTitle",
        "name": "Variation Container",
        "description": null,
        "fields": [
          {
            "id": "experimentTitle",
            "name": "Experiment title",
            "type": "Symbol",
            "localized": false,
            "required": false,
            "validations": [],
            "disabled": false,
            "omitted": false
          },
          {
            "id": "experimentId",
            "name": "Experiment ID",
            "type": "Symbol",
            "localized": false,
            "required": false,
            "validations": [],
            "disabled": false,
            "omitted": false
          },
          {
            "id": "meta",
            "name": "Meta",
            "type": "Object",
            "localized": false,
            "required": false,
            "validations": [],
            "disabled": false,
            "omitted": false
          },
          {
            "id": "variations",
            "name": "Variations",
            "type": "Array",
            "localized": false,
            "required": false,
            "validations": [],
            "disabled": false,
            "omitted": false,
            "items": {
              "type": "Link",
              "validations": [],
              "linkType": "Entry"
            }
          },
          {
            "id": "experimentKey",
            "name": "Experiment Key",
            "type": "Symbol",
            "localized": false,
            "required": false,
            "validations": [],
            "disabled": false,
            "omitted": false
          }
        ]
      },
      {
        "sys": {
          "space": {
            "sys": {
              "type": "Link",
              "linkType": "Space",
              "id": "testspace"
            }
          },
          "id": "heroImage",
          "type": "ContentType",
          "createdAt": "2019-09-03T14:43:15.888Z",
          "updatedAt": "2019-09-20T09:33:23.790Z",
          "environment": {
            "sys": {
              "id": "master",
              "type": "Link",
              "linkType": "Environment"
            }
          },
          "publishedVersion": 31,
          "publishedAt": "2019-09-20T09:33:23.790Z",
          "firstPublishedAt": "2019-09-03T14:43:16.252Z",
          "createdBy": {
            "sys": {
              "type": "Link",
              "linkType": "User",
              "id": "testuser"
            }
          },
          "updatedBy": {
            "sys": {
              "type": "Link",
              "linkType": "User",
              "id": "testuser"
            }
          },
          "publishedCounter": 16,
          "version": 32,
          "publishedBy": {
            "sys": {
              "type": "Link",
              "linkType": "User",
              "id": "testuser"
            }
          }
        },
        "displayField": "name",
        "name": "Hero Image",
        "description": "",
        "fields": [
          {
            "id": "name",
            "name": "Name",
            "type": "Symbol",
            "localized": false,
            "required": false,
            "validations": [],
            "disabled": false,
            "omitted": false
          },
          {
            "id": "image",
            "name": "image",
            "type": "Link",
            "localized": false,
            "required": false,
            "validations": [],
            "disabled": false,
            "omitted": false,
            "linkType": "Asset"
          },
          {
            "id": "image2",
            "name": "image2",
            "type": "Link",
            "localized": false,
            "required": false,
            "validations": [],
            "disabled": false,
            "omitted": false,
            "linkType": "Asset"
          },
          {
            "id": "bynderImage",
            "name": "bynderImage",
            "type": "Object",
            "localized": false,
            "required": false,
            "validations": [],
            "disabled": false,
            "omitted": false
          }
        ]
      },
      {
        "sys": {
          "space": {
            "sys": {
              "type": "Link",
              "linkType": "Space",
              "id": "testspace"
            }
          },
          "id": "text",
          "type": "ContentType",
          "createdAt": "2019-09-03T14:43:37.512Z",
          "updatedAt": "2019-09-10T21:32:28.053Z",
          "environment": {
            "sys": {
              "id": "master",
              "type": "Link",
              "linkType": "Environment"
            }
          },
          "publishedVersion": 5,
          "publishedAt": "2019-09-10T21:32:28.052Z",
          "firstPublishedAt": "2019-09-03T14:43:37.874Z",
          "createdBy": {
            "sys": {
              "type": "Link",
              "linkType": "User",
              "id": "testuser"
            }
          },
          "updatedBy": {
            "sys": {
              "type": "Link",
              "linkType": "User",
              "id": "testuser"
            }
          },
          "publishedCounter": 3,
          "version": 6,
          "publishedBy": {
            "sys": {
              "type": "Link",
              "linkType": "User",
              "id": "testuser"
            }
          }
        },
        "displayField": "name",
        "name": "Featured",
        "description": "",
        "fields": [
          {
            "id": "name",
            "name": "Name",
            "type": "Symbol",
            "localized": false,
            "required": false,
            "validations": [],
            "disabled": false,
            "omitted": false
          },
          {
            "id": "body",
            "name": "Body",
            "type": "RichText",
            "localized": false,
            "required": false,
            "validations": [],
            "disabled": false,
            "omitted": false
          }
        ]
      },
      {
        "sys": {
          "space": {
            "sys": {
              "type": "Link",
              "linkType": "Space",
              "id": "testspace"
            }
          },
          "id": "cloudinaryImage",
          "type": "ContentType",
          "createdAt": "2019-08-30T08:24:22.891Z",
          "updatedAt": "2019-09-20T09:40:02.294Z",
          "environment": {
            "sys": {
              "id": "master",
              "type": "Link",
              "linkType": "Environment"
            }
          },
          "publishedVersion": 21,
          "publishedAt": "2019-09-20T09:40:02.294Z",
          "firstPublishedAt": "2019-08-30T08:24:23.439Z",
          "createdBy": {
            "sys": {
              "type": "Link",
              "linkType": "User",
              "id": "testuser"
            }
          },
          "updatedBy": {
            "sys": {
              "type": "Link",
              "linkType": "User",
              "id": "testuser"
            }
          },
          "publishedCounter": 11,
          "version": 22,
          "publishedBy": {
            "sys": {
              "type": "Link",
              "linkType": "User",
              "id": "testuser"
            }
          }
        },
        "displayField": "title",
        "name": "BynderImage",
        "description": "",
        "fields": [
          {
            "id": "title",
            "name": "Title",
            "type": "Symbol",
            "localized": false,
            "required": false,
            "validations": [],
            "disabled": false,
            "omitted": false
          },
          {
            "id": "image",
            "name": "Image",
            "type": "Object",
            "localized": false,
            "required": false,
            "validations": [],
            "disabled": false,
            "omitted": false
          },
          {
            "id": "tags",
            "name": "Tags",
            "type": "Array",
            "localized": false,
            "required": false,
            "validations": [],
            "disabled": false,
            "omitted": false,
            "items": {
              "type": "Symbol",
              "validations": []
            }
          }
        ]
      },
      {
        "sys": {
          "space": {
            "sys": {
              "type": "Link",
              "linkType": "Space",
              "id": "testspace"
            }
          },
          "id": "cta",
          "type": "ContentType",
          "createdAt": "2019-09-03T14:44:07.450Z",
          "updatedAt": "2019-09-03T14:44:07.820Z",
          "environment": {
            "sys": {
              "id": "master",
              "type": "Link",
              "linkType": "Environment"
            }
          },
          "publishedVersion": 1,
          "publishedAt": "2019-09-03T14:44:07.820Z",
          "firstPublishedAt": "2019-09-03T14:44:07.820Z",
          "createdBy": {
            "sys": {
              "type": "Link",
              "linkType": "User",
              "id": "testuser"
            }
          },
          "updatedBy": {
            "sys": {
              "type": "Link",
              "linkType": "User",
              "id": "testuser"
            }
          },
          "publishedCounter": 1,
          "version": 2,
          "publishedBy": {
            "sys": {
              "type": "Link",
              "linkType": "User",
              "id": "testuser"
            }
          }
        },
        "displayField": "cta",
        "name": "CTA",
        "description": "",
        "fields": [
          {
            "id": "cta",
            "name": "CTA",
            "type": "Symbol",
            "localized": false,
            "required": false,
            "validations": [],
            "disabled": false,
            "omitted": false
          }
        ]
      },
      {
        "sys": {
          "space": {
            "sys": {
              "type": "Link",
              "linkType": "Space",
              "id": "testspace"
            }
          },
          "id": "imageWithFocalPoint",
          "type": "ContentType",
          "createdAt": "2019-10-04T09:28:23.852Z",
          "updatedAt": "2019-10-04T09:28:24.552Z",
          "environment": {
            "sys": {
              "id": "master",
              "type": "Link",
              "linkType": "Environment"
            }
          },
          "publishedVersion": 2,
          "publishedAt": "2019-10-04T09:28:24.552Z",
          "firstPublishedAt": "2019-10-04T09:28:24.552Z",
          "createdBy": {
            "sys": {
              "type": "Link",
              "linkType": "User",
              "id": "testuser"
            }
          },
          "updatedBy": {
            "sys": {
              "type": "Link",
              "linkType": "User",
              "id": "testuser"
            }
          },
          "publishedCounter": 1,
          "version": 3,
          "publishedBy": {
            "sys": {
              "type": "Link",
              "linkType": "User",
              "id": "testuser"
            }
          }
        },
        "displayField": null,
        "name": "Image with Focal Point",
        "description": null,
        "fields": [
          {
            "id": "title",
            "name": "Title",
            "type": "Symbol",
            "localized": false,
            "required": true,
            "validations": [],
            "disabled": false,
            "omitted": false
          },
          {
            "id": "image",
            "name": "Image",
            "type": "Link",
            "localized": false,
            "required": true,
            "validations": [],
            "disabled": false,
            "omitted": false,
            "linkType": "Asset"
          },
          {
            "id": "focalPoint",
            "name": "Focal point",
            "type": "Object",
            "localized": false,
            "required": true,
            "validations": [],
            "disabled": false,
            "omitted": false
          }
        ]
      },
      {
        "sys": {
          "space": {
            "sys": {
              "type": "Link",
              "linkType": "Space",
              "id": "testspace"
            }
          },
          "id": "author",
          "type": "ContentType",
          "createdAt": "2019-06-03T14:13:27.461Z",
          "updatedAt": "2019-12-03T13:24:12.487Z",
          "environment": {
            "sys": {
              "id": "master",
              "type": "Link",
              "linkType": "Environment"
            }
          },
          "publishedVersion": 149,
          "publishedAt": "2019-12-03T13:24:12.487Z",
          "firstPublishedAt": "2019-06-03T14:13:27.938Z",
          "createdBy": {
            "sys": {
              "type": "Link",
              "linkType": "User",
              "id": "testuser"
            }
          },
          "updatedBy": {
            "sys": {
              "type": "Link",
              "linkType": "User",
              "id": "testuser"
            }
          },
          "publishedCounter": 75,
          "version": 150,
          "publishedBy": {
            "sys": {
              "type": "Link",
              "linkType": "User",
              "id": "testuser"
            }
          }
        },
        "displayField": "name",
        "name": "Author",
        "description": "",
        "fields": [
          {
            "id": "name",
            "name": "Name",
            "type": "Symbol",
            "localized": false,
            "required": false,
            "validations": [],
            "disabled": false,
            "omitted": false
          },
          {
            "id": "age",
            "name": "Age",
            "type": "Integer",
            "localized": false,
            "required": false,
            "validations": [],
            "disabled": false,
            "omitted": false
          },
          {
            "id": "alive",
            "name": "Alive",
            "type": "Boolean",
            "localized": false,
            "required": true,
            "validations": [],
            "disabled": false,
            "omitted": false
          },
          {
            "id": "birthplace",
            "name": "Birthplace",
            "type": "Location",
            "localized": false,
            "required": false,
            "validations": [],
            "disabled": false,
            "omitted": false
          },
          {
            "id": "bio",
            "name": "Bio",
            "type": "Link",
            "localized": false,
            "required": false,
            "validations": [],
            "disabled": false,
            "omitted": false,
            "linkType": "Entry"
          },
          {
            "id": "friends",
            "name": "Friends",
            "type": "Link",
            "localized": false,
            "required": false,
            "validations": [
              {
                "linkContentType": [
                  "author"
                ]
              }
            ],
            "disabled": false,
            "omitted": false,
            "linkType": "Entry"
          }
        ]
      }
    ]
  }
  